Date,Asset_1,Asset_2,Asset_3,Asset_4,Asset_5,Asset_6,Asset_7,Asset_8,Asset_9,Asset_10,Asset_11,Asset_12,Asset_13,Asset_14,Asset_15,Asset_16,Asset_17,Asset_18,Asset_19,Asset_20,Asset_21,Asset_22,Asset_23,Asset_24,Asset_25,Asset_26,Asset_27,Asset_28,Asset_29,Asset_30
1991-12-31,1329.875851,2816.695786,2989.78938,197.4033135,318.2542065,349.7033226,341.3971623,2204.367592,1037.334371,484.6220412,289.2719886,148.3577799,405.4244111,800.4956743,812.712266,413.4839941,276.9348822,104.3910831,827.4393062,297.7544867,529.0504566,915.8373248,1174.222292,1300.776845,153.0414913,55.97992378,867.0763409,585.0627304,446.6198237,198.4587095
1992-01-31,1258.461518,2730.504894,2842.990721,220.4205398,326.3378634,376.3507157,352.9705261,2082.025191,1048.122648,533.5204052,302.6074273,153.1349004,424.9253252,793.7715107,899.2661223,430.1473991,302.9390677,94.6096386,793.2660629,284.1173312,515.1893346,949.5401383,1258.648875,1317.166633,151.1896893,55.02826507,864.6485271,646.6113296,450.3714302,203.757557
1992-02-29,1249.023057,2771.462468,2852.941189,243.38836,344.7433189,370.8559953,360.4887983,2028.100739,1077.470083,577.9626549,305.9663697,163.8696569,444.4718902,819.172199,1028.041031,416.4256971,304.2417056,100.9011796,788.8237729,280.622688,508.9555436,977.0768023,1314.40702,1349.700649,158.8701255,56.76715825,889.8097993,644.9948013,463.7474617,204.5522115
1992-03-31,1212.176876,2808.877211,2728.267659,239.9079065,341.2958857,363.1421906,344.7354378,1917.366438,1085.982096,600.3876059,294.8903871,161.6901905,435.1824277,795.4981225,1042.947626,412.9693638,281.3323052,95.99738224,766.9733544,279.1353877,503.9677793,932.4243925,1248.81811,1343.222086,155.0731295,56.45493888,877.797367,639.0608491,459.9447325,187.9834823
1992-04-30,1195.448836,2862.245878,2937.252962,235.037776,357.9169953,366.3741561,326.6368274,1876.14306,1154.724763,607.2320247,294.7429419,167.7050656,439.534252,800.5893105,1158.714812,423.871755,270.1915459,90.74632543,840.2960071,286.6162161,538.4895722,897.085508,1250.691337,1393.861559,159.4927137,55.91861696,837.6820273,659.7664206,464.0842351,187.8706923
1992-05-31,1205.968785,2965.859179,2948.708248,239.8325466,358.0243704,368.2426643,320.2020819,1896.405405,1144.563185,597.0305266,296.3640281,169.2311817,438.1716958,797.3068943,1137.39446,414.5465764,295.6706087,90.41963866,867.3535385,293.896268,529.3352495,908.8373282,1241.811428,1385.637775,159.0939819,56.75180435,835.8391268,665.6383418,475.8255662,178.4207964
1992-06-30,1205.00401,2803.03351,2658.260486,231.1985749,346.5675906,344.4541882,306.0491498,1807.653632,1091.226541,552.7905646,279.1156417,172.5481129,412.7139203,811.8976104,1187.894774,394.4825221,322.5175,81.61276585,837.4298415,295.4833079,535.8990066,859.4874612,1206.295622,1364.16039,152.7779508,55.08897649,820.7104386,650.9277344,481.7733858,170.5524393
1992-07-31,1270.435728,2930.571535,2781.337946,235.3370294,356.5833939,368.1181909,325.6362954,1911.05142,1137.167178,592.4809272,293.0435122,172.2202714,424.8477095,804.2657729,1179.104353,406.1592047,319.808353,86.85230542,882.232338,315.2511412,564.6767832,889.4835736,1239.106862,1349.018209,153.9848966,57.26499106,855.9189165,653.9870948,499.4544691,180.0180997
1992-08-31,1294.31992,2968.08285,2775.77527,230.0419463,352.7679516,356.5592797,322.2822416,1847.795618,1082.810587,583.6529613,293.3658601,156.4793386,410.4028874,782.1484642,1050.935709,387.7601928,305.3530154,85.81007775,904.9939323,313.7064106,558.747677,870.3596768,1173.68202,1303.286492,144.8381938,55.99370826,856.3468759,636.0024497,483.3720352,174.4375386
1992-09-30,1330.043149,2905.456302,2813.525814,243.0393162,350.9335583,368.3613919,340.9101551,1757.253632,1083.351992,595.5594817,301.8441334,155.8064775,420.4987984,833.2227589,1034.436019,379.2294685,305.3224801,97.11126499,905.8084268,316.2788031,568.8610099,902.9981647,1202.202493,1312.539826,150.7620759,57.45514404,893.0841569,672.2545893,499.6616727,183.0721968
1992-10-31,1293.99898,2964.727611,2695.35773,253.417095,353.3549998,377.4599182,343.3987993,1815.594453,1091.693802,596.1550412,303.8061203,158.2370585,412.7195707,827.6401664,1038.677207,392.7300376,290.7280656,97.13068725,874.2862936,314.9504322,565.8460466,961.5124458,1203.044035,1340.890687,159.8530291,59.02941499,933.2729439,692.8928052,513.7521319,185.7633581
1992-11-30,1342.006342,2985.480704,2748.456277,273.0569199,378.3725338,394.4456146,379.6273726,1904.013903,1115.492727,630.6724181,310.6113774,169.2978289,427.9489228,894.0169077,1123.848737,397.7962551,271.1620668,86.94167815,851.4674213,314.1945511,590.120842,1010.164976,1283.046463,1394.392225,168.5170633,62.98438579,998.9753592,755.5996041,547.1973957,198.1723504
1992-12-31,1329.928285,3072.059645,2670.400119,280.2656226,376.3293221,390.5800475,375.0718441,1877.357708,1126.201458,663.1520477,309.7106044,176.0358825,432.0572325,922.8042522,1159.811897,432.4045293,282.4695249,86.81126564,867.9007426,322.677804,622.9905729,1016.225965,1286.510689,1395.507739,170.7583402,64.94949863,1000.773515,752.9550055,572.4231956,204.1175209
1993-01-31,1288.833501,3098.479357,2516.852112,297.8663037,387.2805054,398.9775186,370.1208958,1750.260591,1100.749305,680.2613705,312.3121735,187.513422,447.6544986,928.8947602,1271.153839,416.7514853,271.6791891,83.63397331,891.8548031,330.5834102,630.2172635,1044.273802,1352.89464,1389.088403,175.7444837,66.3783876,998.7719678,754.4609155,593.3166423,205.3830495
1993-02-28,1262.283531,3025.665093,2436.312844,284.789973,387.4354176,411.7049014,343.9903605,1593.787295,1111.536648,703.7984139,331.9566092,186.5571036,462.6509243,907.4372913,1271.153839,424.9198144,284.1764318,82.02820103,945.6336477,351.11264,666.265691,1021.404206,1362.635482,1395.061483,176.5353339,65.24331717,981.093704,753.4046702,599.190477,201.8709994
1993-03-31,1233.503467,3100.096454,2414.62966,296.3809249,392.2396168,416.1513143,361.3274747,1606.696972,1135.323532,724.4900873,337.1019366,185.0086796,473.014305,965.3317904,1350.855185,439.8344999,321.3182914,80.46966521,984.593754,357.3273337,687.9859525,1051.842051,1383.211277,1373.298524,183.6850149,66.61995116,1010.035968,781.9587072,625.3151818,203.5869029
1993-04-30,1084.249547,2815.507599,2033.6011,287.9340685,383.9241369,395.2189032,338.1663836,1627.744702,1172.902741,689.7145631,330.4610285,180.8459843,484.224744,967.262454,1401.917511,447.3996533,325.8810112,76.69563791,996.408879,356.7913427,668.2407557,996.3047908,1345.44961,1364.646743,184.5115975,64.03509706,916.5066376,732.3825251,602.1159886,197.072122
1993-05-31,1112.98216,2905.040741,2130.603872,319.8083699,392.3320755,400.8310116,347.9393921,1686.506286,1192.724797,690.1973633,334.823114,188.3872619,506.2569699,993.9588977,1408.22614,469.0090566,344.6517574,83.35281928,1013.646753,356.5772679,696.5073397,1060.068297,1467.347344,1369.013613,189.1243874,67.37772912,970.2139266,785.40702,604.7050873,203.201065
1993-06-30,1092.837183,2963.43206,2124.851242,314.7234168,387.6633238,408.3265516,305.6995499,1637.091652,1142.749628,659.9667188,332.9146223,190.9493287,514.5595842,1022.386122,1462.302023,474.7309671,351.4069318,75.96775949,1002.496638,367.916425,728.8252802,1064.414577,1459.423668,1351.764041,186.7225077,67.32382694,936.5475033,750.4564076,628.2281152,201.2706549
1993-07-31,1043.878077,2963.728403,2027.32057,309.9396209,390.8421631,399.5475307,292.9824486,1539.029862,1154.748499,640.4977006,331.9491699,186.1755954,514.3537603,1045.492049,1502.222869,491.0617123,371.0505793,81.2095349,1007.108123,375.0907953,744.4950238,1030.779077,1416.95444,1325.404643,193.8366353,68.14517763,937.6713603,764.1147142,643.30559,195.7357118
1993-08-31,1103.796679,3027.448564,2000.559938,332.6272011,404.013544,414.3307893,299.5745537,1586.124175,1192.3933,696.8614982,349.0445521,191.351277,554.4733536,1049.046722,1491.406864,507.3649612,337.7673424,86.03338127,1049.608086,388.8566275,785.2189016,1065.413254,1528.043668,1353.23814,202.2491452,71.2798558,972.2714335,801.6327467,663.6340467,208.2236503
1993-09-30,1078.078216,2982.33958,1924.538661,354.7801727,400.1350139,406.9971344,286.6628904,1600.716518,1163.775861,673.9347549,345.1003487,183.0466316,544.1047019,1039.710206,1501.250149,503.8641429,305.6118914,91.68577442,1064.617481,386.4068308,781.4498508,1113.037226,1525.445994,1313.182291,199.9030551,70.71674494,968.9657106,808.3664617,679.1630833,205.0794731
1993-10-31,1169.175825,3045.863413,2110.641549,365.0333197,429.0647755,437.1963217,306.4712962,1696.759509,1194.150411,688.6939261,354.5215882,190.8993321,565.0527329,1048.859656,1639.515288,507.643124,328.6244668,90.86977103,1044.709134,378.8332569,801.689402,1143.311839,1544.361524,1307.535607,206.4198947,72.37858845,1015.476065,853.2308004,653.6265514,197.6761042
1993-11-30,1177.243139,3032.461614,2233.691951,354.3743468,429.6225597,443.4045095,311.3748369,1715.593539,1208.002556,689.6580975,365.1572358,191.5102099,552.3955517,1053.369752,1668.042854,517.7452222,322.4463268,90.71529242,983.1757664,357.9595444,753.2673621,1122.960888,1545.751449,1389.256583,209.763897,71.61137541,1030.403563,850.5004618,628.4619292,196.5295828
1993-12-31,1176.419068,3161.037987,2212.918616,356.2170934,445.3037831,450.8537053,311.5305243,1758.311819,1244.121832,693.5891487,370.7441416,204.6286593,574.1046969,1127.316309,1742.771174,551.6575342,367.7177911,95.00612575,988.2882804,363.7226931,749.9529857,1133.853609,1610.36386,1435.935604,214.2947972,73.76687781,990.9391064,883.7550299,642.6023226,202.4844291
1994-01-31,1196.535835,3005.198814,2437.087272,371.9262672,442.7210211,461.9897918,313.3374014,1792.071405,1343.029518,646.6331633,382.9045494,225.9918913,601.2024386,1162.601309,1891.603832,564.1801603,374.2631678,91.82342053,1036.41792,359.2852762,765.0270407,1177.733743,1684.601634,1528.409857,224.3452232,75.77333689,991.434576,906.0256566,669.4630997,213.864054
1994-02-28,1170.810314,3054.183555,2263.322949,368.8764718,429.4836626,456.3997153,321.5468413,1692.611442,1331.076555,650.0603191,376.1271389,218.6697541,606.2525391,1147.371232,1800.050207,574.8995833,369.1731887,89.91349339,1005.636307,341.5006551,722.7210454,1177.96929,1713.913702,1501.204161,214.1823846,75.15199552,1019.591318,921.790503,642.2828978,205.844152
1994-03-31,1120.699633,2957.365936,2014.583757,335.4562635,410.1568978,433.3971697,320.5500461,1578.867954,1289.147644,646.4199813,354.2741521,206.1181102,585.6399528,1098.263743,1676.206753,547.5343631,378.1440972,81.11096238,969.3328367,328.0796793,695.6912783,1120.955576,1651.698635,1413.834079,201.3314415,70.86833178,975.6469321,857.541705,620.6379642,195.0167496
1994-04-30,1131.234209,3011.485733,2241.425888,325.7280318,404.9479052,440.5048832,316.8957755,1616.760784,1321.891994,664.2611728,352.644491,204.0981527,579.2564773,1056.529721,1678.385821,545.508486,340.7078316,80.77840744,1009.366283,335.0021605,705.5700944,1127.569214,1610.240999,1402.947557,200.6670478,70.55651112,977.8909201,874.6925391,635.7815305,198.4490444
1994-05-31,1123.31557,2946.136492,2089.233071,330.5488067,409.037879,444.5575282,312.364166,1687.413231,1369.083538,628.3246433,355.9946137,211.3028175,564.6012884,1092.240426,1643.643235,562.5283508,347.2153512,79.31631826,1018.349643,317.079545,717.282558,1173.348524,1621.512686,1448.823942,196.6336401,70.85990412,953.2480689,865.7706752,663.1837145,195.6906027
1994-06-30,1132.863752,2811.203441,2153.999296,316.8640861,392.6763639,430.1094085,304.8986624,1625.147682,1332.802824,593.8296204,343.6416006,213.4369759,553.3657228,1036.42694,1587.101908,551.3902894,332.6670279,83.7104423,990.8542024,307.1549552,722.3752641,1118.201144,1539.788447,1427.815995,192.3863535,67.86961616,937.424151,806.3788069,645.9409379,194.0468016
1994-07-31,1160.279055,2965.53851,2273.115457,323.8034096,400.0979472,441.8083844,311.6674127,1642.049218,1387.31446,593.7108545,356.9061664,227.8653155,576.9391025,1112.811605,1655.029869,552.437931,336.0269649,81.79347317,1023.849647,323.0041509,745.4912726,1129.047695,1618.471636,1514.627207,195.4452965,69.39668253,945.7672259,798.3956567,663.96269,198.8203529
1994-08-31,1247.067928,3118.856851,2495.426148,335.719375,413.9413361,472.5140671,329.3077882,1817.91269,1472.079374,616.4499802,371.8248441,239.9877503,602.5551987,1116.372602,1625.073829,578.4025137,350.3753163,84.87708711,1023.235338,325.1359783,754.1389714,1220.839272,1766.885485,1599.597794,199.3151134,71.86720442,988.8942114,833.0460282,687.5333655,207.3497461
1994-09-30,1249.936184,3196.516386,2425.055131,324.3049163,401.3575195,466.8438983,320.6469934,1849.362579,1456.033708,580.6958814,360.8560112,241.0436964,582.7913882,1094.491699,1536.994827,548.1520623,372.5190363,83.92646373,1002.054366,316.0971981,745.8434427,1224.623874,1750.276762,1610.954938,185.5623705,71.1916527,964.2707455,803.8894172,654.8067773,200.07177
1994-10-31,1277.434781,3316.066099,2366.368797,326.1858848,405.0901444,472.3526563,328.4066507,1865.63697,1459.819396,578.779585,362.2272641,231.9322447,600.6830838,1108.610642,1519.473086,559.2795491,339.0668269,80.40155225,1076.206389,321.0283144,745.1721836,1295.896984,1871.395914,1560.854239,189.7931926,71.31979768,975.263432,834.7587708,657.0986011,202.5526599
1994-11-30,1251.502854,3344.915874,2319.278058,320.9669107,395.1249269,461.6774863,315.6644726,1873.659209,1344.785628,561.8792211,344.1521236,212.0324581,556.5328771,1048.413084,1442.283853,542.8367304,305.0584241,73.68802264,1024.225621,321.862988,704.5602996,1254.169101,1829.102366,1489.991457,181.138623,68.48126973,951.0768989,789.7652731,622.1409555,190.4805214
1994-12-31,1270.400548,3408.469276,2271.964785,329.2799536,405.2796375,466.7097709,320.6835377,1883.402237,1394.946131,573.6786847,347.455984,221.510309,566.5504689,1145.391295,1510.648108,571.281375,313.8441067,75.66286165,1013.983364,322.9895085,710.9013423,1279.503317,1882.146335,1546.015136,180.7220042,70.07688331,904.3790232,800.3481277,630.7887148,195.813976
1995-01-31,1300.890161,3505.269803,2376.247969,349.5635988,406.2928366,479.4509476,307.4393076,1999.231474,1357.003597,573.6786847,353.6059549,208.4190497,567.0037093,1151.118251,1416.987925,572.0240408,294.1346968,75.21645076,1017.836501,343.1117548,740.7591986,1267.603936,1870.477027,1529.781977,186.7942635,70.42026004,911.8853691,857.5730188,666.3651983,200.2393719
1995-02-28,1318.322089,3675.976443,2346.782494,363.4412737,429.5327869,495.4166642,313.8033013,2044.014259,1437.066809,594.2163816,370.5436801,215.5469812,597.225007,1219.840011,1486.278635,607.2607218,307.106037,70.44020614,1063.639144,345.9252712,751.9446625,1352.533399,1992.43213,1653.847295,200.747795,74.22295408,931.3085274,884.6723262,699.2170026,202.5221007
1995-03-31,1365.51802,3764.199877,2485.47734,378.0152687,435.0308065,505.1763725,321.5542428,2098.998243,1517.97367,566.8230065,375.3236936,220.1812413,631.6251674,1217.400331,1511.991255,652.5623716,341.1026753,74.88498315,1119.586563,339.871579,754.0501076,1423.270896,2076.114279,1700.320404,207.4326966,75.58123414,967.9089526,902.1003711,707.6775283,208.4762505
1995-04-30,1417.544256,3885.783533,2377.359075,383.9501084,425.6341411,525.3329097,317.5669702,2163.437489,1565.182651,572.4345542,381.8543259,220.2252775,658.7850496,1254.044081,1549.18624,678.0775603,334.689945,75.22196557,1145.896847,347.9605226,766.0395043,1477.924499,2268.777684,1716.303416,213.0956092,78.07541487,934.225721,924.7430904,719.3542075,211.1238988
1995-05-31,1462.338655,4212.966507,2470.551551,393.088121,442.787197,538.8864988,319.5041287,2198.70152,1614.95546,595.2174495,389.6441541,223.9030397,679.2732647,1296.556175,1634.236565,715.1684029,330.3055067,77.75694581,1192.649438,368.87295,770.8655532,1483.983989,2347.277392,1752.174157,211.987512,79.77745892,960.3840412,962.1951855,763.9541684,221.1311717
1995-06-30,1501.968032,4207.48965,2447.822477,396.5079877,454.6096151,538.1320577,330.047765,2296.763608,1635.303899,603.4314503,402.58034,238.4791276,701.6892824,1285.794759,1650.57893,750.3546883,332.2543092,80.85167225,1155.558041,367.1761344,800.6209635,1601.515521,2584.587136,1821.910689,221.6329438,82.72124715,1010.900242,989.0404312,777.1705755,226.8363559
1995-07-31,1493.256618,4308.048653,2362.883037,413.6767835,469.1116619,533.773188,354.7353378,2418.721755,1677.98533,625.6377276,414.7382663,253.9087271,756.84206,1337.612288,1690.52294,800.1032041,359.0007811,79.87336702,1182.366987,365.7808651,841.7728811,1684.634177,2810.221593,1858.531093,242.1561544,85.36005493,1051.538431,1006.447543,809.7340226,240.832159
1995-08-31,1513.415582,4237.82746,2470.866792,413.0149007,480.0888748,538.8974106,358.3181647,2443.876462,1670.769993,616.6285444,420.3787067,253.730991,747.30585,1337.478526,1695.425457,789.3818212,354.4055711,83.19609909,1163.212642,369.3655176,878.2216468,1701.817445,2806.568305,1876.930551,243.318504,84.31866226,1014.419125,972.3289711,851.7592184,235.7265173
1995-09-30,1635.094195,4630.250283,2542.274842,405.7871399,492.6672033,567.8362016,375.1591185,2626.189646,1719.222323,603.8026706,432.3594999,243.3026473,724.9614051,1424.949622,1688.813298,830.903305,358.7647596,84.83506224,1178.450728,392.4139259,927.6655255,1748.787607,2840.247125,1862.478186,250.0097628,84.66436878,1046.779095,997.8039902,900.8205493,232.1199016
1995-10-31,1634.440157,4812.219119,2613.20431,392.6396366,476.5569857,583.5652644,362.4037084,2656.390827,1620.36704,550.8491764,427.7332532,228.9721214,699.3702675,1418.394854,1597.448498,814.4514195,323.5699367,73.64531753,1175.975981,398.221652,926.5523269,1811.219324,2841.667249,1806.976336,245.7845978,84.05478532,961.2572429,1010.076979,883.5247948,222.7654695
1995-11-30,1699.000543,5046.092968,2689.771196,401.2777086,508.2480253,620.5049456,365.0854959,2787.882173,1726.663117,589.0230244,449.4621025,247.3585827,736.2270806,1497.115768,1684.828931,886.6118153,357.3506381,72.94568701,1232.187633,404.4339097,952.495792,1859.035514,2799.89474,1927.682355,260.974086,86.65207819,1027.391741,1067.752375,943.1627185,234.9507407
1995-12-31,1757.446162,5005.724224,2823.990779,394.3356042,514.5503008,609.2117556,386.8080829,2953.203585,1763.095709,571.7057474,453.7319924,246.3938842,731.9569635,1596.97339,1762.162579,920.8350314,364.9622066,78.3801407,1303.408078,424.8982656,990.0241262,1833.566728,2675.579414,1922.863149,257.0072799,88.67973682,1011.056213,1067.85915,954.9522524,236.7598614
1996-01-31,1817.550821,5168.910834,2875.387411,412.8299441,512.0290043,626.5742906,377.6794121,3128.919199,1858.831806,549.2948821,464.9845459,255.7814912,746.8156899,1681.61298,1816.613403,926.9125426,419.268583,76.5460454,1298.585468,433.0138224,1013.091688,1859.786732,2733.104371,1946.129794,256.6988711,88.18313029,996.2947918,1138.017496,992.481876,243.4601655
1996-02-29,1846.995144,5458.886732,2966.824731,420.2196001,523.9592801,623.8173638,384.7420171,3095.439763,1910.135564,550.6131899,461.5436602,254.1189115,775.2693677,1668.832721,1848.404137,955.8322139,430.6307616,77.93918343,1312.220616,421.8420658,990.8036712,1938.455711,2918.135537,1925.890044,267.4288839,90.87271577,1051.389894,1176.937695,1013.62174,247.136414
1996-03-31,1776.43993,5562.60558,2738.972592,424.7579718,525.3739702,631.9269895,428.9488749,3102.868819,2022.451535,565.3696233,466.943721,267.9175684,788.8365816,1719.231469,1956.90546,991.675922,428.9082386,81.46982844,1377.569202,419.8594081,972.2756426,1968.889465,2783.901302,1984.822279,276.1470656,93.07183549,1138.12956,1186.706277,1023.352509,259.4932347
1996-04-30,1770.755322,5513.09839,2695.14903,434.8247357,540.3471283,656.4457567,452.155009,3084.251606,2004.856207,584.9314123,480.6251721,273.0615857,818.3390698,1725.764549,2015.416933,1002.981027,433.5404475,81.99123534,1425.09534,408.9850494,998.5270849,2130.338402,3077.88128,2039.20641,283.4649628,97.42759739,1187.752009,1218.866017,1012.300302,266.4736027
1996-05-31,1868.146864,6047.317624,2842.843197,446.9563458,559.2052431,677.7802438,488.5534873,3205.462694,1997.438239,618.6819548,495.2842398,272.9250549,828.8138099,1832.416798,2043.229687,1028.857938,445.9397043,94.88845666,1431.365759,414.5063476,999.1262012,2205.326313,3206.536717,2068.570982,282.6712609,101.2175309,1248.446137,1223.863368,1026.674966,277.9852623
1996-06-30,1912.60876,6442.812197,2947.459827,435.3801765,556.632899,686.0491628,489.1397514,3199.372315,1950.49844,624.745038,498.6521727,257.6685444,791.3514257,1890.137927,1935.551482,1038.632088,396.663367,103.7605274,1444.391188,436.1021283,1003.422444,2185.478377,3002.921636,2041.058988,278.6290619,97.23968196,1234.962918,1217.621665,1033.348353,274.482648
1996-07-31,1865.749845,6070.417652,2953.354746,383.9182396,517.6685961,663.2723305,467.9600002,3005.490352,1891.788437,602.3166911,473.021451,242.8783699,726.3814736,1800.167362,1859.677864,1026.168503,385.3187947,95.06539517,1377.082558,410.7209844,917.7301672,2015.229611,2777.702513,2002.687079,258.6513581,89.8591901,1140.858744,1124.351845,1006.687966,255.3786557
1996-08-31,1858.286846,6200.324589,2564.102591,385.0699943,536.4599661,674.4816329,494.9612922,3131.420398,1961.973788,623.819397,488.4419503,256.8924519,760.594041,1829.870123,1920.861266,1068.138795,397.3407411,96.16815375,1417.98191,422.5908209,909.2870496,2076.694114,2918.53203,2082.394025,266.6954154,93.33674076,1219.463911,1164.266336,1048.767523,268.4540429
1996-09-30,2021.072774,6245.586959,2600.256437,413.6806949,548.9058373,717.2437685,530.3510246,3361.266655,2078.122636,623.757015,515.5504785,261.9789224,808.0551092,2013.040122,1941.414482,1123.468385,382.5993996,106.102324,1474.559389,425.4221794,923.1082128,2256.120486,3228.771985,2178.808868,271.0158811,97.73290125,1259.584274,1168.341268,1109.386285,282.1451991
1996-10-31,2072.610129,6294.302537,2686.324925,406.6894912,551.4856947,724.774828,529.025147,3338.410042,2108.671039,615.8353009,523.0775155,260.0402784,796.9847542,2127.984713,1946.268018,1152.566216,377.8169071,107.195178,1560.821113,440.7799201,916.3695228,2211.223688,3188.089458,2239.161874,276.7072146,97.89904718,1234.896422,1122.308622,1170.069715,283.4712815
1996-11-30,2192.199734,6466.766427,2974.836222,440.4447189,582.2585965,763.9126687,526.4329238,3560.748151,2216.424129,620.2693151,540.234458,280.7914926,865.525443,2276.730845,2074.52708,1206.506315,386.7711678,111.5687412,1647.13452,452.284276,968.1444009,2345.444966,3633.465555,2356.717872,295.2742687,102.8135793,1260.829247,1167.986583,1268.940606,302.6622873
1996-12-31,2144.628999,6500.393612,3251.495991,412.1241235,570.031166,766.8919282,540.3833963,3466.03225,2170.54415,631.1240281,551.6334051,276.4953828,857.3029513,2208.656593,2004.200612,1266.71098,376.7151174,124.1871659,1659.98217,452.917474,993.6065986,2287.981564,3546.625729,2375.807287,291.3175935,102.7313285,1206.487507,1130.260616,1248.003086,294.4298731
1997-01-31,2206.608778,7238.838326,3402.040255,426.9193795,574.3063997,816.2030791,575.184087,3797.03833,2252.590719,665.8358497,587.0482697,290.1542547,902.4828169,2303.40796,2080.360235,1290.018462,364.3588616,139.4125124,1731.527401,456.9937312,1016.856993,2419.769302,3910.864191,2404.554555,298.3092157,102.9367911,1210.589564,1148.457812,1330.246489,315.1577361
1997-02-28,2268.173162,7437.182497,3826.274675,425.8093891,588.0323227,839.6281075,593.1298305,3832.73049,2277.369217,680.5508219,568.4388395,291.7210876,886.2381262,2281.525585,2080.360235,1272.216207,425.0610479,134.8676645,1632.830339,454.388867,1040.041332,2296.361068,3596.039624,2519.973173,295.1471381,102.0206537,1278.745757,1112.281391,1382.525176,300.8810907
1997-03-31,2240.955084,6951.53448,3308.197084,412.1834887,592.2073522,788.7466442,559.5586821,3549.108434,2228.178042,661.2231786,538.5389566,278.4769503,868.0702446,2213.30797,1980.294908,1259.239602,378.9419242,127.5848106,1718.227366,441.8477342,960.9981912,2166.157395,3408.326355,2407.58237,294.6158732,95.31789675,1271.712655,1130.634034,1290.863757,287.9432038
1997-04-30,2316.475271,7741.92395,3415.38267,423.5185346,587.7065763,855.3957356,536.6167762,3767.733514,2300.37101,639.1383244,578.1754238,284.798377,903.4007035,2433.753444,2025.049573,1272.713466,356.7359275,136.1840268,1718.742834,435.7060507,985.4075452,2392.954075,3613.507602,2495.699885,311.26167,95.8326134,1293.586113,1199.715774,1371.284569,290.7362529
1997-05-31,2376.008685,8239.72966,3756.23786,447.2355726,629.1986606,925.1104881,563.5012767,4028.083899,2405.037891,685.475853,616.4506368,307.9524851,1014.15763,2653.52138,2158.09533,1361.930679,383.7765108,129.8514696,1845.242307,452.1321688,1050.838606,2632.488777,3982.085377,2687.369636,330.3108843,104.2179671,1376.7637,1211.472988,1451.916102,314.4603311
1997-06-30,2531.399653,8245.497471,3856.529411,453.5415941,667.5797789,963.6875954,583.7873226,4386.180558,2553.428729,701.7216307,650.2321317,321.3792134,1077.542482,2834.491538,2238.376476,1414.092625,387.6910312,133.5911919,1869.414981,465.9674132,1090.560306,2714.359178,4020.711605,2777.396519,338.3374387,106.0417815,1467.492427,1225.28378,1541.354134,328.2336936
1997-07-31,2675.942574,8398.039174,3906.664293,461.6146345,700.0241561,1006.378956,601.9431083,4476.535878,2733.445454,722.9837961,704.7215844,354.1277553,1180.340034,3078.824708,2419.908809,1531.320903,394.9796226,148.0190407,2007.75169,479.0610975,1120.550714,2929.064989,4778.615743,2937.096818,365.6074363,111.6195792,1597.512256,1313.749269,1705.045943,338.7371718
1997-08-31,2564.890957,7339.046434,3787.901699,450.0742687,682.2435426,923.2520541,564.7430242,4201.676575,2609.347031,728.4061746,655.3206013,347.6826301,1192.969673,2787.567891,2454.029523,1419.381345,397.665484,140.2924467,2012.771069,473.5039888,1095.002158,2858.76743,4747.076879,2844.284559,350.4712884,113.0817957,1551.02465,1245.565682,1608.881352,336.7047488
1997-09-30,2728.787489,7934.2431,3682.598032,473.0280564,731.5015263,970.4302341,593.3754956,4479.407396,2624.220309,773.4216761,686.5138619,351.4723708,1203.467806,3021.444837,2594.154608,1469.627445,419.9347511,134.1476376,2139.978201,495.5219243,1200.998367,2967.972346,4934.586416,2893.77511,380.6468664,117.4806775,1634.779981,1312.328003,1739.039853,354.6511119
1997-10-31,2687.03704,7462.155635,3529.401954,471.7508806,724.2596612,934.4272724,546.2021437,4491.053856,2512.166102,741.8660718,668.4585474,324.4792927,1100.691655,2863.121127,2495.057902,1303.853469,359.8000947,111.0608291,2097.392634,500.1798304,1240.991612,2877.449189,4398.690331,2721.884869,375.0894221,115.4365137,1607.479155,1241.855989,1705.998096,320.0016982
1997-11-30,2888.296115,8006.146781,3834.695223,507.0378465,752.7230659,986.1011006,554.2859354,4619.497996,2591.299334,734.8925307,684.8357818,313.2523092,1069.542081,3208.413535,2440.166629,1383.12776,322.0930448,103.2532529,2022.935196,535.8926702,1368.317352,2953.701592,4427.721687,2799.458587,371.8636531,116.983363,1712.929788,1284.824206,1767.414027,327.3937375
1997-12-31,2981.588079,8342.404946,4041.001826,519.7644964,799.5424406,1015.486913,504.566487,4783.490175,2587.153255,739.4488644,715.6533919,318.10772,1060.130111,3205.525963,2557.05061,1356.018456,305.6662995,106.9600446,1992.186581,578.6033161,1430.712623,2939.228455,4218.290451,2620.85313,379.486858,116.8546813,1701.110572,1271.076587,1871.514714,348.1505004
1998-01-31,2868.287732,8173.054126,3743.988191,552.8734948,794.2654605,1023.610809,506.6352096,5057.584162,2522.474423,740.5580377,713.5779971,325.774116,1031.718624,3358.750104,2578.018425,1368.222622,302.7624697,95.48323184,1878.03429,553.3183511,1499.959114,3045.922448,4432.157777,2673.270192,378.6519869,116.0366986,1730.709896,1252.645977,1818.363696,336.5919038
1998-02-28,2995.926536,8556.370364,3912.46766,584.7742955,844.3836111,1116.759392,565.506221,5333.222498,2726.794852,771.2171404,782.5096316,344.7015922,1145.826704,3408.123731,2896.661502,1534.051204,309.0296528,103.8666596,2006.304032,567.9812875,1539.258043,3371.226965,4862.520298,2831.527788,393.6844708,125.1107684,1921.434127,1395.447618,1978.92521,361.3650679
1998-03-31,3122.654229,9621.638474,3784.921214,582.4351983,889.3048192,1164.109991,589.596786,5525.751831,2878.950004,828.2100871,846.4406685,356.1801552,1177.222356,3738.030108,3075.675183,1533.744393,340.6433863,109.7455125,2102.807256,606.4336206,1690.259256,3648.678944,4758.462363,2904.014899,420.8880677,129.3270013,2059.393097,1489.500788,2092.515517,379.6862769
1998-04-30,3022.417028,9325.292009,3375.014247,632.6993559,903.7115572,1176.449556,605.5748589,5631.846266,2958.984815,840.2191334,827.0571772,369.0738768,1195.469302,3695.042762,3124.885986,1547.548093,353.1790629,110.7771203,2182.924212,591.2121367,1639.044401,3627.881474,5115.822887,2972.259249,408.0088928,132.0816664,2056.304007,1501.565744,2131.645557,397.8352809
1998-05-31,3055.059132,9593.860419,3394.926831,591.5106279,896.7529783,1162.214517,600.851375,5492.739663,2992.125445,817.9533263,810.0197994,342.3529281,1121.469752,3603.036197,3427.687438,1501.276405,310.1265351,108.9271424,2091.023103,586.0094699,1612.000168,3407.306281,4756.69212,2831.968612,388.3836651,127.2474774,2136.499864,1519.734689,2082.617709,384.2293143
1998-06-30,3047.421484,10237.60845,3582.326792,576.1313515,950.2891311,1204.86779,613.7696795,5832.190974,2891.290817,759.3878682,808.1567538,336.1221049,1055.303037,3838.31446,3508.238093,1465.996409,292.7284365,106.5089599,2062.585189,602.6521389,1663.745374,3865.588975,4975.975627,2634.863597,392.1509866,127.2729269,2276.654255,1523.230079,2155.717591,394.2961223
1998-07-31,2810.636835,9777.939834,3953.81408,562.4770385,924.5362956,1162.93839,551.2879262,5819.360154,2631.942031,686.2588165,761.0412151,314.744739,952.9386424,3758.861351,3471.752417,1387.565602,273.3205412,115.5835233,1915.522865,570.4705147,1727.466822,3673.082644,5158.096335,2459.118195,368.3082067,122.8947382,2219.054902,1458.797447,2134.375987,382.3883794
1998-08-31,2558.803774,7845.818923,3748.215748,437.8321268,828.3845209,1035.945518,429.1776505,5105.906599,2319.530512,584.3493822,609.8984298,256.7687581,770.2603046,3337.492994,2780.179335,1117.267822,219.1210779,87.04595136,1723.012817,583.3061012,1524.662217,3018.906625,4260.587572,2086.315877,306.8743978,101.2529748,1925.473939,1242.311906,1662.678894,312.7936944
1998-09-30,2670.623499,7451.958813,4215.24343,431.7900434,825.6508519,983.0087023,440.0358451,5718.615391,2335.303319,552.5023409,601.4208416,279.6982082,782.3533914,3335.824247,2850.239855,1183.298351,297.1500937,91.57234083,1950.278207,629.8539281,1677.433371,3467.51615,4823.837249,2190.631671,312.2446997,112.1072937,1916.616758,1255.23195,1696.930079,337.7859106
1998-10-31,2916.320861,8626.387522,4671.332769,461.8426304,886.5013197,1165.258516,470.222304,5938.782084,2374.536415,569.1879116,668.8401179,302.5495518,885.7805098,3672.742496,3189.703421,1351.918366,300.8941849,94.28288212,1974.266629,618.768499,1791.834327,3504.965324,5319.727719,2401.370437,337.5989694,116.4570567,2152.552281,1387.282351,1867.471552,363.6265327
1998-11-30,3042.889187,9125.855359,5098.759718,519.8962491,960.6128301,1177.959833,486.0217735,6305.798816,2480.678193,624.4560578,690.7780738,296.347286,920.0602155,3818.183099,3343.128156,1475.88928,299.3596245,100.0435662,1980.979136,627.1218737,1857.594647,3943.786983,5865.531783,2554.818008,347.6594187,119.4267117,2392.13135,1438.889254,1986.42949,361.3720482
1998-12-31,2992.985804,9097.565208,4943.757422,503.8834446,1051.390743,1241.569664,504.4906008,6622.349917,2367.063131,659.3631514,721.6558537,293.9765077,917.6680589,4276.365071,3483.873851,1395.158136,294.2405749,122.6634165,1947.896784,644.8694228,2123.6022,4532.59438,6692.571764,2550.985781,360.8009447,124.0007547,2638.999306,1540.043169,2050.193876,357.7221905
1999-01-31,2879.551642,8947.455382,4340.124641,545.1514987,1041.087113,1215.620858,539.6535957,6638.243557,2243.739142,608.9218703,795.9142411,305.2064103,965.4785648,4387.550563,3740.983742,1397.390389,286.0312629,146.1657272,1826.153235,604.5005969,2310.266833,5173.049965,7577.329751,2481.598968,363.9038328,122.8227476,2734.003281,1570.844032,2060.854885,335.2930092
1999-02-28,2771.568455,8827.55948,3647.006736,572.6816494,1039.421374,1200.182474,550.1768408,6653.511517,2268.869021,557.7724332,735.106393,288.7557847,934.5832507,4188.355767,3560.294227,1447.696443,282.427269,155.3449348,1761.872641,581.6504743,2242.807042,4685.748659,6648.349124,2440.652585,359.937281,114.1146148,2705.296246,1681.588536,2074.662612,338.0424119
1999-03-31,2680.106696,8681.904748,3321.329034,543.9902988,1069.87642,1259.591506,558.3744758,6823.176061,2348.05255,521.2941161,776.3458617,281.6235169,953.5552907,4574.522169,3511.518196,1511.684626,282.3142981,201.6843289,2022.982167,571.8205813,2228.004515,5225.078329,6989.409434,2477.99457,370.8073869,109.8353167,2806.744855,1738.594388,2138.354755,330.7745
1999-04-30,2706.639753,9118.604557,3323.653965,570.5914244,1131.929252,1312.872227,606.3946807,6445.172107,2865.798137,568.7318807,788.2239534,368.1664236,1108.794092,4442.318478,3880.92991,1730.274223,339.454712,247.9708824,2338.162788,612.877299,2413.597291,5127.891872,7438.129519,2976.319277,414.2289319,115.2721649,2797.201923,1729.901416,2273.71261,388.3623405
1999-05-31,2811.657375,9061.157348,3654.6899,538.9236003,1115.403085,1273.354773,590.9316163,6313.046079,2699.295265,582.3245726,783.1004977,340.9957415,1089.390195,4328.595125,3647.29793,1696.533876,304.5927131,217.5944493,2275.500026,654.0626535,2438.457344,5017.129408,7462.675347,2859.945194,394.1388287,118.8801836,2701.257897,1609.500277,2192.768442,388.0128144
1999-06-30,2831.057811,8670.621467,3832.307829,568.3488289,1160.35383,1290.290391,600.327429,6596.501848,2767.047576,603.1135599,721.9403488,371.310263,1191.574996,4784.829051,3600.977246,1813.255406,330.1480417,167.4171693,2263.894975,626.0033657,2581.107098,5461.14536,8441.032085,2962.045237,397.8831476,125.8108984,2942.480227,1668.729887,2254.823788,400.7396347
1999-07-31,2720.646556,8693.165082,3568.64505,531.0083109,1155.480344,1276.613313,540.9550463,6303.617166,2766.770871,580.3761787,716.8145723,367.0030639,1188.953531,4646.069009,3340.986689,1813.436732,301.5242065,149.5872407,2311.663159,622.1847452,2539.551274,5105.078683,8641.084545,2972.116191,388.7716235,125.2824926,2759.752205,1625.509783,2124.945938,329.5682755
1999-08-31,2658.34375,8358.478227,3588.272598,521.0784554,1046.402999,1310.060582,480.8008451,6538.111724,2606.851515,530.9281282,702.2632365,365.3148498,1186.93231,4753.85781,3482.978623,1771.183656,303.4539614,166.7149798,2348.187437,626.0422906,2347.307242,5178.081308,9326.32255,2857.392506,356.6590874,119.0810092,2586.715742,1558.863882,2013.598771,302.6425474
1999-09-30,2532.869925,7109.72158,3340.322961,504.9250233,1060.320159,1182.198669,503.3984849,6074.559603,2464.778107,458.7749956,622.4159065,355.9262582,1183.964979,4979.666056,3247.877566,1662.964334,321.4791267,148.342989,2262.478596,599.0598679,2451.762415,5334.977172,9080.107634,2752.240462,334.0112354,112.5315537,2659.919797,1586.299887,1907.683476,282.2141755
1999-10-31,2753.229609,8276.426891,2507.580447,511.7920036,1167.942655,1318.506176,504.6569811,6729.397128,2519.989137,470.565513,625.9636772,358.8092609,1117.66294,5599.136513,3337.843775,1663.463224,308.3306305,184.5831812,2207.04787,612.059467,2685.415373,5489.158012,9389.739305,2879.393971,359.7635016,104.5643197,2826.962761,1515.075022,2175.140699,258.5081847
1999-11-30,2568.212579,9008.890671,2595.847279,545.6726343,1073.456094,1320.088383,452.3745178,6830.338085,2501.593216,480.5885584,643.2402747,384.8588132,1118.780603,5406.526217,3238.042246,1590.769881,311.2906045,181.8698085,2294.888376,566.4610367,2800.619692,6052.345624,10736.22792,2866.436698,341.0917759,108.9978468,2943.999019,1587.495608,2100.098345,255.0700259
1999-12-31,2422.594926,8213.405624,2332.36878,584.4153913,1210.429092,1375.136069,470.1075989,6445.107017,2667.699006,492.8916255,660.8007342,469.7201815,1200.787221,6353.208958,3331.621667,1645.492365,332.147075,217.7527217,2289.839621,553.2058485,2917.685595,7494.014352,12653.71823,3057.341382,340.5801382,115.4505194,3183.934939,1471.925927,2080.77744,279.0976223
2000-01-31,2221.761806,8026.139976,2131.318591,597.7985038,1199.293144,1285.614711,416.6093542,6932.357108,2418.802689,455.2347053,596.3726626,456.8028765,1227.925013,5559.693159,3311.631937,1492.461575,311.2882387,305.9861245,2258.239834,585.0151847,2799.811097,6764.846755,12572.73443,2788.906809,307.918503,125.817976,2721.309192,1363.150601,1988.807077,267.5988003
2000-02-29,2068.682418,7091.897283,2045.852716,587.2174703,1190.778163,1136.869089,363.3666787,6732.705223,2242.471973,428.6489985,560.8288519,488.0481933,1267.218613,5519.663368,3041.402771,1387.840018,301.8873339,295.4296032,2131.55258,542.5430823,2699.297879,7278.298624,15727.2335,2470.413651,291.444863,127.2145555,2614.361741,1199.163584,1819.957356,265.9664476
2000-03-31,2269.137744,7101.116749,2150.395789,648.9927481,1344.74578,974.7515565,454.4263684,6751.556797,2515.380812,451.58172,625.8849987,505.1786849,1417.384019,6451.934511,3334.289857,1526.762804,312.2722582,274.0405,2428.051543,573.8478182,2903.634728,7474.084857,16444.39535,2676.940233,328.9538169,135.6234377,2989.784087,1390.789925,2123.708239,265.5409013
2000-04-30,2180.641372,7362.437846,2231.89579,663.2705886,1246.041439,1016.568398,473.9667022,7106.013529,2421.557107,480.8442154,635.1480967,500.884666,1437.794348,6488.710538,3726.735774,1604.93306,297.6891437,232.0300913,2403.528223,617.4602524,2674.247585,6237.123813,15408.39844,2647.761584,340.4014097,134.1722669,2822.356178,1443.9181,2033.450639,287.2887011
2000-05-31,2521.911747,8236.359218,2667.338659,671.1635086,1172.151182,1044.930657,450.0787805,7385.990462,2419.13555,465.0725251,593.7999556,476.2912289,1335.71095,6515.314251,3153.936485,1593.859022,300.725573,202.7478938,2664.551388,641.5412022,2395.858411,5680.772369,13613.32002,2611.48725,328.0448386,136.7617916,2736.55655,1383.129148,2136.343241,302.5437311
2000-06-30,2580.924482,8734.658951,2746.291883,672.3716029,1170.979031,1018.493911,419.608447,8236.856564,2262.375567,419.1233597,590.0590159,549.4019326,1350.136628,6565.482171,2770.733202,1428.575841,286.1704552,232.7545821,2500.415022,611.003841,2496.005293,6320.427338,15447.03423,2470.728088,321.6479642,133.8624417,2677.99424,1331.123492,2050.675877,307.4146852
2000-07-31,2558.212346,9308.526044,2625.729669,664.7065666,1157.04438,991.6056717,444.7010321,7729.466199,2261.470616,439.4508426,567.6957792,516.4378166,1338.390439,6528.715471,2898.18693,1528.719008,267.5121416,259.2420535,2434.404066,638.0713111,2311.051301,5824.273792,14931.10329,2581.910852,342.9088947,139.1232356,2622.024161,1303.036786,2233.18603,303.3568114
2000-08-31,2490.163898,8300.412673,3125.406025,702.6613116,1189.673032,1026.31187,455.9519683,8006.181089,2303.760117,423.4108868,603.6876916,643.4815195,1449.075329,6974.626737,3042.22682,1685.106962,281.4762754,305.2834422,2651.066028,712.8532688,2288.865208,6453.877789,16851.24317,2635.872788,330.6670471,152.8964359,2483.843487,1293.26401,2460.971006,342.8842039
2000-09-30,2612.181929,8753.615205,3152.597058,644.5512211,1181.702223,1008.556675,450.3437591,8304.011026,2193.870759,446.9101911,588.4747618,565.6846038,1245.335337,6210.90511,2889.507034,1810.310409,265.3758324,263.3985539,2768.508253,781.5010386,2195.708394,5863.993359,13838.24089,2481.67423,326.3353088,158.171363,2547.181496,1314.990846,2517.327242,338.975324
2000-10-31,2770.741372,9540.565212,3871.389187,612.4525703,1160.667923,1109.412342,469.5734376,8519.915312,2301.15104,433.3688123,619.0754494,497.519609,1244.71267,5549.443715,2952.787238,2066.650363,251.8151274,282.2578904,2683.238199,763.9954153,2186.486419,5450.581827,12911.07875,2746.717038,351.430494,153.9323705,2503.115256,1372.324447,2509.271794,321.4502997
2000-11-30,2893.762289,9941.268951,4028.954727,525.0555885,1099.500723,1111.298343,488.6850765,8587.222643,2281.821371,431.3319789,607.8701837,419.6080383,1136.049254,5022.246562,2562.724043,2051.357151,261.963277,308.3385195,2603.2777,787.6792732,1847.362375,4397.529418,9701.384573,2743.970321,354.4176532,143.4957557,2485.59345,1443.959783,2376.782244,295.3806804
2000-12-31,3053.208591,9685.778339,4712.265448,548.5255733,1213.958749,1146.304241,566.1416611,8890.351603,2560.203578,459.5842235,679.3557173,427.4966694,1223.865861,5326.594704,2600.652359,2052.793101,277.1571471,444.1308035,2801.647461,839.5085694,1766.447903,4111.250253,8907.811315,3057.057335,362.3211669,161.6336193,2592.722527,1479.625589,2617.074928,292.7222543
2001-01-31,2925.889793,9225.703868,4715.564034,635.5765818,1248.07099,1100.795963,586.7492176,8095.554169,2454.46717,522.0417194,667.3311212,452.7617226,1358.980652,5514.623497,2987.889496,1936.810291,281.53623,433.1163595,2706.671612,749.0934964,2020.639757,4861.553424,10164.70349,2930.189455,382.828545,159.1606249,2850.698419,1422.068154,2604.251261,283.0331477
2001-02-28,2963.92636,8649.097376,5162.127948,613.7763051,1249.693482,1088.907366,518.0995591,8055.076399,2429.186158,513.8978686,672.0691721,346.8154795,1223.762077,4722.172101,2964.583958,2001.887116,288.6027894,533.1229269,2706.942279,795.8369306,1820.798485,4089.53874,6943.508955,3001.979097,357.293881,151.6323273,2673.670047,1421.214913,2466.48637,286.9673084
2001-03-31,2864.338434,7836.947133,5154.900969,564.7969559,1167.463651,992.4301737,511.8823644,7375.227951,2309.913118,492.5197173,667.5663087,317.6482977,1120.476558,4160.705838,2896.991443,1816.312181,281.3299991,633.8831601,2695.843816,808.8886563,1717.195051,3568.531505,5984.610368,2819.15857,353.1850014,142.5343877,2619.394545,1348.164467,2391.505184,264.9856126
2001-04-30,2814.785379,7664.534296,5447.183854,639.6325526,1224.902862,1009.996188,546.9974946,7669.499546,2457.978549,520.3470813,678.1138563,360.0225806,1313.758764,4612.558492,3104.70573,2045.89404,301.867089,687.3828989,2974.324482,853.0539769,1760.296647,4237.274309,6934.368034,2977.877197,364.1690549,153.9941525,2749.840393,1439.974467,2486.44794,298.8242753
2001-05-31,2888.251278,8025.533861,5569.745491,704.9390362,1265.569637,1064.333983,567.0176029,7901.885382,2521.640193,531.9508212,693.2357953,360.8866348,1344.763471,4794.293296,2971.824325,2094.995497,331.9330511,594.0363012,2979.380834,853.1392823,1737.76485,4294.053785,6478.086617,3029.990048,380.9208315,153.5629688,2794.937776,1501.605374,2581.927541,302.6791085
2001-06-30,2863.123492,7629.072488,5537.997941,695.4223592,1275.567638,1073.380822,553.1256716,7676.681649,2461.120829,552.0585623,695.7314442,335.5163043,1282.231969,4417.941273,3099.612771,1809.238111,318.1246361,495.7232933,2750.862324,800.074019,1685.631904,4468.821774,6381.563127,2895.155491,369.0741936,150.5684909,2725.064331,1443.793567,2600.001033,300.4392831
2001-07-31,2959.610753,7690.105068,5029.055931,652.9320531,1270.082697,1120.716916,556.3891131,7853.245327,2378.181057,601.2469802,691.6266287,328.2356005,1249.919724,4205.438297,3215.848249,1870.39036,300.3732815,418.1425979,2683.191111,770.7913099,1674.33817,4051.880702,6100.774349,3056.415652,368.40986,150.8395142,2872.762818,1501.689689,2581.541026,273.2795719
2001-08-31,3054.91022,8159.201477,5263.409937,658.2208027,1216.23119,1131.812013,537.1380498,7609.009397,2354.637064,585.9151822,696.7446657,308.1147582,1183.299003,4095.676358,2758.876213,1765.46146,307.5522029,448.7088218,2584.986316,774.0286334,1519.629323,3556.74088,5418.097699,3005.984794,352.4208721,144.5193386,2630.876189,1519.409627,2434.651342,259.0143782
2001-09-30,3068.657316,7896.47519,5417.101507,552.0497872,1116.743479,1072.618245,446.3080056,7564.116241,2128.82737,481.4465052,599.2004125,240.3603229,949.0058001,3544.39832,2268.072135,1339.279064,301.0628514,377.9025698,2440.485581,724.5682037,1482.398405,3096.142936,4092.289192,2748.371897,299.5577413,132.842176,2368.314745,1322.038317,2290.519982,230.0565707
2001-10-31,3107.015532,8002.287957,5264.339245,597.5386897,1116.966828,1085.060617,480.1381524,7653.372813,2201.633266,508.3593648,638.9873199,246.1770427,1049.980017,3638.679315,2215.679669,1396.600208,288.8999122,488.665813,2552.991966,734.7846154,1343.201195,3421.547559,4889.467127,2774.756267,309.2933679,122.4273494,2451.916256,1359.848613,2258.910807,228.1010899
2001-11-30,3125.657625,8003.088186,5326.984882,659.5034518,1223.860553,1150.27276,526.4714841,8039.102803,2442.932272,544.3512079,684.2276222,284.9499269,1131.563465,4000.727907,2610.956921,1509.305845,300.3114587,418.640002,2450.10639,722.8076261,1425.002148,3827.343099,5884.473687,3038.080637,345.2641866,119.1707819,2774.098052,1439.535741,2420.874711,241.2169026
2001-12-31,3207.237289,8132.738215,5235.360742,689.9725113,1267.674761,1170.287506,564.2721366,7807.576642,2418.258656,613.374941,745.9449537,277.5127338,1205.228246,4214.366778,2504.690975,1587.336957,311.7232942,460.2946822,2600.297912,750.6357197,1464.047206,3947.138938,5650.860082,3112.209804,350.7538871,121.613783,2912.248135,1498.844614,2490.595903,251.8304463
2002-01-31,3284.531708,7826.947258,5677.748724,720.12431,1274.77374,1201.183096,594.9121137,7623.317833,2386.821293,635.2110889,751.0919739,276.9577084,1229.814902,4260.724812,2584.590617,1673.211886,318.1136217,417.7634535,2524.369213,720.0848459,1359.514236,3680.312346,5839.033723,3114.699572,374.114096,126.1986226,2977.482493,1593.271825,2457.470978,235.4866503
2002-02-28,3347.266264,8464.060765,5963.90726,734.5988087,1364.772766,1231.573028,589.0819749,7584.438912,2498.285848,677.1350208,784.0649115,276.9577084,1277.408739,4236.864753,2730.361528,1812.255794,331.9197529,414.8391093,2656.646159,718.2846338,1327.021846,3377.054609,4858.076057,3276.35248,381.3719095,122.5136228,2990.285668,1573.037272,2429.947303,241.7505952
2002-03-31,3385.759826,9166.577808,6058.136995,791.8240558,1433.011404,1288.348545,618.1237163,7619.327331,2627.447226,690.6777212,798.4132994,293.6305624,1403.488982,4460.147526,2946.060088,1868.435723,359.1371726,475.6960067,2863.067566,790.4004111,1331.135613,3515.851553,5323.965551,3340.241353,393.3469875,128.5535444,3036.037038,1656.880159,2587.893877,240.469317
2002-04-30,3460.246542,9627.656672,6257.449702,826.8226791,1403.204767,1290.281068,627.2101349,7041.020387,2493.972907,750.7666829,833.1442779,272.9296078,1368.401757,4403.503652,2990.840202,1805.843127,361.4356505,441.7313118,2737.092593,785.9741688,1161.948277,2987.06748,4883.6736,3418.403001,374.9776831,130.0704762,2969.547827,1722.658301,2553.216099,211.1561073
2002-05-31,3547.790779,9579.518389,6540.912173,795.1553705,1397.451627,1288.08759,616.1085155,6884.005632,2538.365625,756.6226631,812.315671,273.7211036,1309.013121,4505.224586,3019.851352,1815.955848,389.5192006,466.2032265,2719.84891,735.12164,1196.92292,2885.507185,4733.256453,3430.025571,374.4152166,125.0237417,2931.83457,1723.51963,2547.854346,208.6011184
2002-06-30,3435.325812,9553.653689,5098.641039,743.8678491,1338.618914,1249.960197,605.3266165,6223.141092,2511.458949,726.8873924,793.7948737,259.2686293,1211.753446,4174.090579,2734.777384,1809.055216,354.6182802,436.6925622,2709.241499,695.7191201,1024.56602,2683.233132,3846.717519,3338.443889,373.9284768,117.8598813,2781.138273,1650.959454,2428.105191,199.0471872
2002-07-31,3121.680565,8858.1477,5306.155729,631.841351,1267.939835,1217.461232,545.4598142,6064.450994,2278.646705,563.1923516,706.5568171,206.5074633,1039.199755,3806.770608,2381.444146,1659.808161,319.7593032,304.8114084,2390.363774,610.1456684,904.9991651,2409.275029,3498.589584,3141.141855,354.9329102,106.262469,2448.514135,1493.623018,2249.63946,208.6213569
2002-08-31,3123.553573,9069.85743,5779.46482,665.8344157,1310.035438,1238.036327,534.3324339,6104.47637,2321.713127,546.8597734,696.9476443,196.2853438,1032.237117,3782.787953,2338.578151,1499.802654,342.8779009,334.7438888,2402.076557,630.768592,907.9856623,2463.24279,3380.687115,3121.038547,347.834252,111.1717951,2496.994715,1438.060242,2295.082177,200.4642618
2002-09-30,2970.499448,8568.294315,4550.172653,634.3404479,1262.743158,1205.971186,504.4098176,5746.754055,2063.306456,505.4078026,635.8253359,159.9921838,931.5939979,3439.310807,2023.103959,1357.621362,316.4763025,307.4957362,2206.787733,562.2671229,823.5429957,2114.693935,2778.924809,2800.819992,330.164272,104.3236125,2260.029917,1245.647781,2046.065761,171.1363403
2002-10-31,3209.327604,8534.021137,4773.131113,703.2932545,1333.709324,1242.994501,549.6553783,6073.744361,2181.121255,525.0176254,655.1544262,170.6476632,1022.424413,3636.383317,1833.134497,1356.263741,290.0188836,320.2875588,2279.170371,558.4437064,999.4517796,2510.776109,3206.879229,2912.012546,338.2863131,110.0301141,2405.575843,1242.658227,2201.157545,173.070181
2002-11-30,3191.676302,8272.88009,4458.581773,766.6599768,1320.37223,1218.134611,575.8739398,6298.472902,2386.582877,582.0870412,681.0985414,201.842056,1146.853464,4060.74925,2160.165691,1452.965346,303.2147428,353.3092062,2349.824652,567.4904945,1116.987309,2781.186696,3893.79276,3133.907902,353.069425,106.4321294,2475.337543,1313.614011,2278.638291,183.4197778
2002-12-31,3214.018036,8008.147928,4858.962416,660.784234,1306.376285,1217.647357,548.5199277,6042.754902,2284.198472,555.0199938,670.8139535,180.8504822,1046.274415,3906.846853,1965.102729,1412.282316,334.0213607,396.094951,2365.568477,589.3388785,1015.67656,2545.342064,3257.547023,2973.138426,348.8325919,103.6542508,2276.815472,1243.335662,2176.555295,170.5620514
2003-01-31,3024.390972,7539.671274,4555.277265,608.8465932,1321.007699,1188.058527,527.1825025,6006.498373,2146.461304,533.8182301,645.792593,171.6994478,985.2766166,3710.332456,1915.18912,1363.27612,330.3137236,339.69103,2311.160402,570.6568361,979.8231774,2489.090004,3227.903345,2932.40643,330.8328301,101.1769142,2160.925564,1170.103191,2147.389454,161.7951619
2003-02-28,2867.72752,7477.092002,4611.762703,598.1917778,1257.335128,1154.43647,514.7937137,5889.972305,2056.095283,512.3587372,644.9530626,175.6141952,1005.967426,3696.233193,1793.957649,1246.170701,305.7714139,389.0821058,2354.610218,548.2870881,916.7225648,2448.766746,3339.911591,2885.194686,319.2205978,97.70654605,2149.904844,1115.810403,2081.894076,164.335346
2003-03-31,2851.668246,7551.862922,3704.167803,599.7470764,1229.422288,1229.359397,547.6375526,6113.202255,2126.619351,507.6962727,653.8534149,169.9067339,985.5462868,3563.908045,1725.069675,1178.005164,292.5009346,375.4253238,2383.336462,572.1375764,911.2222294,2459.051567,3263.093625,2907.987724,329.6271893,97.00305892,2267.71963,1173.38622,2082.102266,172.6342809
2003-04-30,2989.688989,7718.003907,3804.550751,686.5904531,1329.620205,1272.018168,586.8484014,6377.292592,2338.855962,567.858281,704.6578252,187.5090715,1071.584478,3944.889815,2054.040462,1284.968033,311.7767461,383.9474787,2369.036444,614.7046121,1012.823508,2663.398752,3614.202498,2998.135344,364.1721187,102.5419336,2487.461662,1279.460334,2316.13056,196.2506506
2003-05-31,3142.163127,8505.240305,5039.888379,731.6307868,1416.17848,1308.397888,611.7307736,6626.644733,2358.736238,591.7651146,785.2706804,211.9227526,1136.30818,4217.087212,2130.450767,1430.811904,348.2858031,481.6237173,2576.564036,676.8512484,1075.213436,2820.539278,4117.660907,3078.485371,378.8846723,109.5147851,2549.648203,1377.211104,2447.918389,194.3077691
2003-06-30,3164.472485,8574.132751,5589.740201,768.3586523,1393.944478,1275.426261,607.2039659,6898.999831,2333.026013,580.6399305,781.1872729,216.6062454,1164.147731,4213.713542,2199.690417,1522.670028,366.9539222,485.0432457,2544.614642,681.3184666,1096.395141,2849.308779,4121.778567,3118.505681,380.7412072,114.4429504,2620.528423,1472.651833,2462.116316,195.6873543
2003-07-31,3116.372504,8418.083535,4958.099559,763.9021721,1377.774722,1287.542811,625.1164829,6941.77363,2516.868463,658.8521291,782.7496474,231.5520764,1275.207424,4535.641257,2333.651564,1588.14484,407.539026,424.1703183,2478.454661,645.5492471,1078.304621,2925.385323,4473.778457,3266.32285,384.129804,113.4816296,2733.735251,1505.344704,2573.403973,196.1570039
2003-08-31,3139.745297,8247.19644,5083.539478,801.3333786,1390.174695,1301.190764,660.2480292,6766.146757,2559.40354,700.6892393,826.5053527,242.3192479,1374.291041,4838.622093,2529.91166,1714.878798,442.3428588,455.9830922,2633.605923,657.8792378,1092.753903,3034.502196,4842.417802,3384.89037,389.2003174,117.0789973,2950.79383,1522.204565,2554.103443,203.1794247
2003-09-30,3191.23712,8119.364895,5495.306175,779.0563106,1389.757642,1328.906128,654.7019458,6782.385509,2405.583387,679.9488378,826.6706538,234.2984808,1268.195773,4542.498421,2402.910095,1598.610015,446.3681788,445.3130879,2572.769626,683.536528,1031.013307,3054.52991,4720.873115,3313.130694,386.320235,117.6761002,2779.057629,1549.147586,2570.960526,202.73243
2003-10-31,3304.526038,8582.168694,5832.717974,811.3871475,1495.101271,1387.776669,730.5819013,6831.218685,2564.833007,702.5231393,919.3404341,279.4009384,1423.422935,4996.294013,2621.094331,1775.895866,508.5472661,488.7756452,2610.332063,694.3364052,1099.678794,3149.831243,5341.195842,3573.874079,425.2226827,123.3127854,3053.072711,1655.264195,2752.984531,200.9078381
2003-11-30,3405.314082,8783.849658,6508.729988,849.4412048,1526.797418,1375.84179,755.7139187,6942.56755,2638.187231,696.6921972,963.560709,289.2917316,1476.943637,5363.521623,2720.958025,1770.568179,565.860543,496.547178,2625.994055,700.8631674,1092.750817,3183.849421,5505.704674,3608.540658,422.2886462,128.7755417,3038.72327,1718.164235,2772.255423,200.9681104
2003-12-31,3464.226016,9366.21889,6877.774978,898.284074,1570.463825,1407.623735,762.515344,7336.905387,2890.661749,705.0525036,1000.176016,320.7088137,1534.544439,5656.369903,3143.250711,1963.914224,591.0979232,628.0328707,2979.190256,741.5833174,1173.505103,3340.494812,5505.154104,3933.309317,428.9185779,133.0766448,2940.268636,1711.978843,2890.353504,217.4876891
2004-01-31,3503.37177,9094.598543,7018.769365,900.3501274,1591.822133,1439.154507,752.2976384,7559.94731,2834.871978,713.0901021,979.2723372,320.1956796,1513.828089,5632.047513,3037.951812,2011.440948,532.3427896,581.6840449,2995.277883,755.8217171,1190.168875,3464.761219,5777.108717,3795.643491,411.5044837,137.0024059,2934.388098,1719.51155,2986.024205,230.6456943
2004-02-29,3714.975425,9330.148645,7286.886355,910.7041539,1608.695447,1482.041311,795.4795228,7628.742831,2910.563059,787.4653998,1046.058711,340.8483009,1522.608292,5491.246325,2993.29392,1996.958573,554.8608896,623.0417805,3135.15736,771.3916445,1180.766541,3370.86619,5618.815938,3926.593191,411.8336872,140.0986602,3132.459295,1843.144431,3069.33428,226.1019741
2004-03-31,3752.496676,9310.555333,6993.224835,923.8182937,1605.478056,1505.30936,821.9689909,7330.458986,2861.956656,769.4324421,1086.018153,325.6805515,1540.118288,5464.339218,2936.421336,1902.502433,570.1195641,666.3431842,3127.632983,780.4169267,1151.955837,3320.303197,5476.098013,3952.901366,409.6097853,143.152811,3128.387098,1856.7837,3049.383608,215.3847405
2004-04-30,3868.448824,9345.935443,7126.795429,902.2933274,1604.193674,1539.028289,804.4610514,7592.156372,2844.212525,742.5792499,1044.315056,297.1509352,1500.845271,5367.07398,3041.838862,1950.064993,466.4718274,685.8004052,3205.198281,753.0242926,1146.080863,3297.725136,5031.438854,4001.917343,410.4699659,144.4555016,3027.965872,1840.81536,2911.551469,212.2832003
2004-05-31,3786.824554,9556.21899,6228.106525,909.5116741,1611.252126,1562.267617,804.7828358,7563.306178,2861.562221,706.5641563,1066.872261,314.3559743,1531.012261,5425.038379,2953.625535,1967.810585,494.6000785,731.268972,3216.416474,762.6630035,1112.271477,3381.157582,5377.098704,4023.927888,419.4182111,144.6866304,3049.46443,1786.327225,2964.83286,219.6069707
2004-06-30,3890.962229,9535.195309,6603.661349,941.0717291,1579.993835,1598.199772,841.9638028,7534.565614,3016.94505,727.6904245,1080.741601,343.9054359,1622.260592,5796.653508,3110.167688,2143.929632,505.5307403,832.2572171,3389.781322,777.9925299,1118.500197,3505.584181,5440.548468,4231.562567,445.2543729,148.8536054,3039.096251,1776.681058,2982.325374,230.5873192
2004-07-31,3695.635925,8579.768739,6356.024048,882.8193891,1511.580102,1513.814824,798.8552561,7092.286613,2916.48078,713.7915374,1041.078384,343.2176251,1526.871669,5296.40231,2996.646568,2164.296964,516.8040758,819.2740045,3503.677975,786.1614515,1104.295245,3289.990754,4889.420909,4007.712907,424.9507735,132.033148,2935.463069,1821.808757,2913.433658,232.1783717
2004-08-31,3701.548942,8741.926368,6558.781215,870.6364815,1512.940524,1581.785109,802.0506772,7210.01857,3003.683555,721.0008319,1084.803676,342.2909375,1488.394503,5302.757993,2894.46092,2164.729823,553.4971652,778.1464495,3461.984207,815.0135767,1118.430224,3195.568019,4608.768148,4012.922934,422.7410295,128.8115392,2913.740642,1774.259548,3004.041445,229.9262415
2004-09-30,3681.930733,8051.314185,6396.123441,908.0738503,1533.667809,1536.07152,824.9091215,7108.357309,3134.043422,742.702957,1136.765772,368.9896306,1576.953976,5434.266391,2955.534045,2177.285256,593.1275622,845.3783027,3769.754603,826.5867695,1133.417189,3332.018773,4712.465432,4008.107427,436.480113,128.8244203,2997.073624,1856.940043,3010.349932,235.6743976
2004-10-31,3819.634942,8143.099167,6577.773347,930.2308522,1568.482068,1482.769838,863.9273229,6937.045897,3149.08683,787.413675,1150.179608,355.8904987,1563.076781,5608.162916,2828.741635,2126.119052,578.7145624,841.5741003,3795.011959,861.5513899,1171.500007,3474.295975,4959.869867,3874.637449,464.5021362,132.225385,3098.075005,1908.562977,3027.508927,238.9974066
2004-11-30,3944.918969,8087.726092,7722.305909,994.6958503,1610.987932,1542.970293,899.5211286,6982.8304,3424.946836,829.9340134,1229.426983,401.5156606,1684.058924,6051.207786,3058.152581,2269.8447,603.2520599,1055.502237,4034.477213,903.9397183,1211.565307,3699.430354,5226.710866,4099.366421,491.8148618,143.3852075,3171.189576,2052.659481,3169.801846,250.110786
2004-12-31,4143.742885,8440.35095,8299.934391,1071.585839,1633.058467,1607.775046,951.8732583,7378.058601,3521.872832,863.961308,1307.003826,394.5694397,1741.148521,6301.727788,3209.836949,2282.101862,586.9642543,1023.520519,3950.560087,925.7246655,1264.147241,3818.552012,5393.965613,4247.763486,510.5530081,151.8305962,3266.008144,2153.03453,3304.201444,258.5645305
2005-01-31,4140.42789,8383.800598,8661.811531,1022.721525,1578.187702,1587.195525,926.6486169,7079.247228,3470.101301,835.0186042,1356.14717,392.9911619,1650.608798,6239.340683,2953.049993,2255.85769,570.8814337,1070.090702,4068.286778,942.0174196,1214.466255,3598.22156,5078.418625,4113.109383,470.5767075,147.700804,3233.348062,2162.507882,3233.821954,254.8670578
2005-02-28,4101.921911,8506.204087,8932.060051,1011.982949,1580.554984,1586.084488,945.0889244,7254.812559,3757.772699,836.1876302,1401.713715,431.1113047,1763.180318,6371.614706,2943.304928,2351.731642,633.6213033,1221.294519,4846.550039,963.8722237,1212.644555,3543.528593,5146.469435,4211.824009,483.1411056,152.2499888,3244.988115,2187.592973,3226.384163,253.2613953
2005-03-31,4053.10904,8421.992667,8959.749437,1005.506258,1556.846659,1576.567981,933.4643306,7225.067827,3680.738359,782.1699093,1346.205852,398.9935125,1705.876958,6235.262151,2692.241018,2405.82147,594.7803174,1178.304952,4688.067852,969.9446187,1211.310646,3467.342728,5025.012756,4185.289517,474.4928798,149.433364,3259.590562,2193.280715,3122.494593,257.0603162
2005-04-30,4048.65062,8606.434306,8839.688794,958.0463629,1510.141259,1532.266421,864.7613559,7510.458007,3406.155277,732.5803371,1317.262426,360.0517456,1615.124304,5722.723602,2388.556231,2385.371987,538.9304456,1105.957028,4417.566337,990.3134557,1187.81122,3310.272102,4803.409693,3852.559001,447.9212786,145.3837198,3072.816023,2062.999841,3093.455393,256.2634292
2005-05-31,4126.789577,8813.849373,9120.790898,999.1465519,1500.174327,1557.242364,922.3544622,7619.359648,3413.648819,780.0515429,1402.884484,360.8438595,1702.502529,6121.597437,2632.905533,2510.842554,546.6371509,1220.976559,4507.684691,1007.148784,1204.678139,3478.433925,5257.331909,3872.592307,470.0037976,151.6206814,3275.929162,2230.928028,3197.395495,260.5942812
2005-06-30,4043.841107,8467.465093,8907.364391,989.854489,1493.873595,1518.467029,977.3267882,7575.929298,3381.219155,793.5464346,1457.316402,350.1989656,1705.396783,5933.664396,2711.102828,2514.106649,573.8596811,1308.642675,4770.933477,1063.246972,1205.280478,3434.257814,5205.284324,3750.218391,453.1776617,153.9556399,3376.82778,2172.700806,3276.051424,252.7243339
2005-07-31,4108.542564,8608.025013,9226.248036,1024.20244,1534.955119,1569.487521,1006.744324,7858.511461,3537.43148,816.4005719,1595.469996,396.2851495,1882.246429,6314.60565,2915.791091,2575.702262,595.608963,1582.93418,5048.601805,1095.038056,1240.35414,3613.526072,5545.18939,3937.354288,488.570837,162.0691021,3581.125861,2270.689612,3333.054718,252.0167058
2005-08-31,4043.627592,8649.343533,9645.119697,1015.291878,1559.667896,1553.007902,966.2732026,7832.578373,3323.063132,798.4397593,1560.529204,393.2337539,1898.998423,6345.547218,2794.202603,2574.156841,613.2985492,1721.440921,5333.342947,1107.740498,1226.214103,3628.341529,5460.347992,3825.139691,471.3731436,159.913583,3345.487779,2163.058925,3285.058731,245.9179015
2005-09-30,4069.911171,8696.914923,10102.29837,997.4227414,1505.703387,1572.886403,952.5521232,7679.843094,3261.586464,762.5099702,1598.450063,405.2667067,1889.88323,6509.262336,2614.535375,2613.541441,701.0002417,1883.944944,5706.143619,1156.370306,1206.83992,3625.076022,5536.792864,3822.462093,485.8442991,159.913583,3273.894341,2153.757771,3323.165412,247.1966746
2005-10-31,3929.092245,8747.357029,10274.03744,957.0271204,1411.446355,1520.981152,932.9295494,7430.248194,3337.581429,731.7808184,1457.786458,387.637605,1805.594438,6267.768703,2440.668773,2496.19343,655.7156261,1698.187972,5134.388028,1077.15894,1169.66925,3684.527269,5285.976147,3852.659544,500.2252903,156.8592336,3348.866521,2161.942051,3406.90918,248.1113023
2005-11-30,3928.306426,8875.943177,10004.85766,1007.46245,1447.720526,1567.371077,988.9053224,7546.903091,3450.391681,768.9552839,1540.588728,437.3327459,1935.055559,6682.068215,2416.262085,2612.516044,702.5992933,1709.565832,5206.26946,1075.112338,1197.975246,3885.702457,5672.381004,4141.223744,537.642142,163.8551554,3475.788562,2308.089334,3559.879402,259.7973446
2005-12-31,3918.092829,8685.997993,10426.06217,995.9773777,1423.833138,1591.351855,989.4986656,7728.028765,3470.403953,775.7220904,1538.277845,453.426591,1947.63342,6645.31684,2379.534902,2683.053977,759.650356,1733.67071,5242.713347,1088.336219,1178.92744,3803.325565,5594.669384,4201.68561,543.6099698,165.493707,3437.902467,2331.862654,3569.847065,258.8620742
2006-01-31,3989.01031,8628.670407,10170.62365,1032.728943,1425.826504,1635.750571,1008.49704,7894.954186,3582.845041,750.5111225,1690.259696,521.1685237,2155.835433,7105.837296,2501.129135,2736.983362,892.057413,1996.148456,5904.868042,1121.530474,1221.133042,3917.805665,5830.764432,4097.063639,566.7133935,177.012069,3460.592623,2432.365934,3615.541107,251.5103913
2006-02-28,4048.047662,8796.92948,10159.43596,1043.882416,1445.50291,1654.234553,1016.060768,7979.430196,3573.171359,775.8033473,1639.044828,505.7940522,2151.523762,7326.118253,2439.351245,2874.379927,812.4858918,1825.876992,5419.487889,1124.109994,1261.430433,3809.282448,5863.416713,4134.346918,572.8338982,179.8619633,3505.926386,2485.148275,3673.028211,256.3645418
2006-03-31,4165.03624,8811.88426,10171.62728,1080.000747,1442.467354,1648.113885,1047.152227,7902.827666,3619.622587,760.9079231,1683.462942,567.298609,2217.790694,7677.771929,2499.847156,2978.719918,868.2224239,1931.777858,5645.480534,1083.19239,1285.019182,3924.322778,6044.009948,4260.031064,600.3872087,187.0564418,3582.004989,2545.785893,3696.168288,269.8493167
2006-04-30,4250.002979,8890.31003,10511.35963,1108.512767,1405.251696,1671.681914,1033.329818,7749.512809,3726.039491,769.9627273,1678.075861,610.8671422,2347.53145,7767.60186,2470.848929,3132.421866,938.8957293,2331.462697,5881.461621,1103.23145,1305.065481,3870.167124,6019.229507,4503.278838,603.5092222,181.1828696,3529.349516,2540.185164,3798.921767,270.6318797
2006-05-31,4400.453084,9231.697935,10411.50172,1121.482366,1370.120404,1605.316142,978.8733365,7580.57343,3642.576207,781.435172,1533.257914,582.8283403,2265.367849,7444.469623,2531.878898,3092.640108,833.8332972,2293.226708,5679.139341,1120.000568,1303.499402,3637.570079,5593.669981,4389.796211,594.1548292,177.2149647,3476.762208,2450.516628,3662.160583,267.6008027
2006-06-30,4351.16801,9151.382163,10718.64102,1130.342077,1364.639922,1616.874418,976.0346038,7569.960627,3600.322323,792.6878385,1476.680697,599.9052107,2244.073391,7577.725629,2576.693154,3085.217772,842.3383968,2153.339879,5842.13064,1146.992581,1341.040185,3668.489425,5425.859881,4265.125999,618.3963463,174.9820562,3492.755314,2492.910565,3647.511941,261.365704
2006-07-31,4444.283005,9557.703531,11687.60617,1051.4442,1342.669219,1623.018541,948.315221,7893.197946,3444.788398,764.4681514,1364.895968,574.9491539,2101.574731,7118.515456,2480.5825,2985.87376,819.1740909,1882.234388,6150.010925,1202.85112,1371.347693,3553.298857,5160.535333,4049.310623,545.7966152,171.3774258,3326.849437,2344.083804,3695.659099,260.8691091
2006-08-31,4569.611786,9772.75186,12191.34199,1077.099438,1396.913056,1729.650859,985.3943462,8073.952179,3579.135146,777.46411,1386.324835,560.7479098,2092.748117,7176.175431,2560.209198,2967.361342,840.8822043,1685.917342,5942.140555,1231.118121,1402.065882,3704.314059,5620.339031,4148.518733,541.7577203,174.0680514,3398.3767,2410.890193,3750.724419,270.7299615
2006-09-30,4608.453486,9760.047283,11412.31524,1130.95441,1410.323421,1761.822365,1074.178377,8208.78718,3668.971438,791.847196,1360.539193,560.8039846,2096.096514,7432.364894,2645.720185,3078.04392,777.816039,1432.186782,5750.209415,1204.649082,1450.016535,3862.117837,5788.387168,4235.222775,562.5070409,176.4527837,3616.892321,2582.786664,3888.000933,281.261357
2006-10-31,4605.688414,9802.015486,12030.86273,1229.460539,1490.993921,1819.433956,1159.790393,8344.232169,3880.304193,795.9648014,1433.055932,622.5485033,2154.996826,7811.415504,2748.903272,3170.385238,841.9858622,1639.997084,6026.794488,1269.218272,1529.042436,4111.996862,5920.362396,4445.289825,597.101224,185.2401323,3728.292605,2782.436073,3969.648952,284.2146012
2006-11-30,4662.79895,9755.946013,12442.31823,1286.13867,1521.708395,1828.531126,1212.328898,8348.404285,3989.340741,823.0276047,1531.506875,676.8969877,2248.523688,7952.802124,2776.117415,3310.199227,907.9975538,1735.772914,6545.701494,1307.675586,1539.592829,4200.404794,6156.584855,4563.534534,611.5510736,189.1857471,3642.541875,2827.789781,4010.536337,287.9946554
2006-12-31,4734.139774,9993.015502,12816.83201,1342.600158,1550.316513,1851.387765,1214.632323,8355.083008,4032.026686,804.6740891,1515.885505,658.5530793,2250.772212,7912.242834,2816.648729,3310.861267,879.6680301,1516.024063,6426.569727,1316.829315,1606.719076,4191.583944,6083.321495,4610.995293,597.6077091,188.4857599,3706.286358,2888.304482,4163.337771,300.8680165